{
    "questions": [
        {
            "question": "What are your hours of operation?",
            "answer": "We are open Monday to Friday from 9 AM to 6 PM."
        },
        {
            "question": "How do I return an item?",
            "answer": "Please visit our Returns & Refunds page for information on returns."
        },
        {
            "question": "Can I track my order?",
            "answer": "Yes, you can track your order by visiting the Order Tracking page."
        },
        {
            "question": "Do you ship internationally?",
            "answer": "Yes, we offer international shipping."
        }
    ]
}
